label_name,bbox_x,bbox_y,bbox_width,bbox_height,image_name,image_width,image_height
car,415,290,94,61,benjamin-voros-yLOdY9q-IrY-unsplash.jpg,640,427
car,382,277,59,41,benjamin-voros-yLOdY9q-IrY-unsplash.jpg,640,427
car,348,274,57,37,benjamin-voros-yLOdY9q-IrY-unsplash.jpg,640,427
car,175,291,45,76,benjamin-voros-yLOdY9q-IrY-unsplash.jpg,640,427
car,208,281,62,56,benjamin-voros-yLOdY9q-IrY-unsplash.jpg,640,427
car,19,277,129,81,benjamin-voros-yLOdY9q-IrY-unsplash.jpg,640,427
car,280,271,28,25,benjamin-voros-yLOdY9q-IrY-unsplash.jpg,640,427
car,306,274,24,19,benjamin-voros-yLOdY9q-IrY-unsplash.jpg,640,427
car,335,276,24,22,benjamin-voros-yLOdY9q-IrY-unsplash.jpg,640,427
car,266,276,17,17,benjamin-voros-yLOdY9q-IrY-unsplash.jpg,640,427
car,345,371,83,53,bhargav-panchal-W6iSAPewojk-unsplash.jpg,640,424
car,316,272,48,44,bhargav-panchal-W6iSAPewojk-unsplash.jpg,640,424
car,211,311,54,48,bhargav-panchal-W6iSAPewojk-unsplash.jpg,640,424
motorcycle,172,308,33,38,bhargav-panchal-W6iSAPewojk-unsplash.jpg,640,424
motorcycle,199,283,21,30,bhargav-panchal-W6iSAPewojk-unsplash.jpg,640,424
bus,210,254,39,50,bhargav-panchal-W6iSAPewojk-unsplash.jpg,640,424
car,183,260,22,22,bhargav-panchal-W6iSAPewojk-unsplash.jpg,640,424
bus,73,253,111,100,bhargav-panchal-W6iSAPewojk-unsplash.jpg,640,424
car,67,386,74,35,bhargav-panchal-W6iSAPewojk-unsplash.jpg,640,424
car,58,275,31,33,bhargav-panchal-W6iSAPewojk-unsplash.jpg,640,424
car,450,291,44,31,bhargav-panchal-W6iSAPewojk-unsplash.jpg,640,424
bus,391,251,48,33,bhargav-panchal-W6iSAPewojk-unsplash.jpg,640,424
car,535,349,35,35,bhargav-panchal-W6iSAPewojk-unsplash.jpg,640,424
car,116,312,441,277,d-panyukov-DwxlhTvC16Q-unsplash.jpg,640,800
car,51,345,545,293,marek-pospisil-oUBjd22gF6w-unsplash.jpg,640,823
truck,401,408,89,135,mj-tang-5PaG8_tm79I-unsplash.jpg,640,960
motorcycle,298,573,58,67,mj-tang-5PaG8_tm79I-unsplash.jpg,640,960
car,101,536,103,96,mj-tang-5PaG8_tm79I-unsplash.jpg,640,960
car,123,492,92,85,mj-tang-5PaG8_tm79I-unsplash.jpg,640,960
car,246,455,50,53,mj-tang-5PaG8_tm79I-unsplash.jpg,640,960
car,173,463,61,62,mj-tang-5PaG8_tm79I-unsplash.jpg,640,960
car,196,442,39,39,mj-tang-5PaG8_tm79I-unsplash.jpg,640,960
car,232,378,39,39,mj-tang-5PaG8_tm79I-unsplash.jpg,640,960
car,301,365,32,35,mj-tang-5PaG8_tm79I-unsplash.jpg,640,960
car,284,356,27,30,mj-tang-5PaG8_tm79I-unsplash.jpg,640,960
car,326,347,23,32,mj-tang-5PaG8_tm79I-unsplash.jpg,640,960
truck,375,376,53,62,mj-tang-5PaG8_tm79I-unsplash.jpg,640,960
truck,356,356,29,50,mj-tang-5PaG8_tm79I-unsplash.jpg,640,960
car,272,372,16,24,mj-tang-5PaG8_tm79I-unsplash.jpg,640,960
motorcycle,528,728,48,86,mj-tang-5PaG8_tm79I-unsplash.jpg,640,960
motorcycle,524,629,106,40,mj-tang-5PaG8_tm79I-unsplash.jpg,640,960
motorcycle,545,653,77,48,mj-tang-5PaG8_tm79I-unsplash.jpg,640,960
motorcycle,581,718,59,53,mj-tang-5PaG8_tm79I-unsplash.jpg,640,960
motorcycle,27,695,142,74,mj-tang-5PaG8_tm79I-unsplash.jpg,640,960
motorcycle,33,622,157,82,mj-tang-5PaG8_tm79I-unsplash.jpg,640,960
truck,395,385,1,0,mj-tang-5PaG8_tm79I-unsplash.jpg,640,960
car,214,777,179,204,photo-1597762333765-cbcd63dd8acc.avif,736,981
car,406,738,156,168,photo-1597762333765-cbcd63dd8acc.avif,736,981
car,624,834,112,147,photo-1597762333765-cbcd63dd8acc.avif,736,981
car,517,641,145,129,photo-1597762333765-cbcd63dd8acc.avif,736,981
car,401,598,115,120,photo-1597762333765-cbcd63dd8acc.avif,736,981
car,519,571,85,71,photo-1597762333765-cbcd63dd8acc.avif,736,981
car,452,527,88,57,photo-1597762333765-cbcd63dd8acc.avif,736,981
car,388,517,61,56,photo-1597762333765-cbcd63dd8acc.avif,736,981
car,387,476,47,39,photo-1597762333765-cbcd63dd8acc.avif,736,981
car,453,487,43,28,photo-1597762333765-cbcd63dd8acc.avif,736,981
car,529,495,42,34,photo-1597762333765-cbcd63dd8acc.avif,736,981
car,427,460,42,28,photo-1597762333765-cbcd63dd8acc.avif,736,981
car,390,448,30,19,photo-1597762333765-cbcd63dd8acc.avif,736,981
car,383,426,31,23,photo-1597762333765-cbcd63dd8acc.avif,736,981
car,413,444,37,17,photo-1597762333765-cbcd63dd8acc.avif,736,981
car,419,431,24,14,photo-1597762333765-cbcd63dd8acc.avif,736,981
car,513,481,21,26,photo-1597762333765-cbcd63dd8acc.avif,736,981
motorcycle,660,623,46,74,photo-1597762333765-cbcd63dd8acc.avif,736,981
car,19,740,197,223,photo-1597762333765-cbcd63dd8acc.avif,736,981
car,2,647,105,203,photo-1597762333765-cbcd63dd8acc.avif,736,981
car,273,629,82,153,photo-1597762333765-cbcd63dd8acc.avif,736,981
car,44,624,136,86,photo-1597762333765-cbcd63dd8acc.avif,736,981
car,165,612,110,102,photo-1597762333765-cbcd63dd8acc.avif,736,981
car,308,579,69,68,photo-1597762333765-cbcd63dd8acc.avif,736,981
car,315,542,60,43,photo-1597762333765-cbcd63dd8acc.avif,736,981
car,325,516,49,34,photo-1597762333765-cbcd63dd8acc.avif,736,981
car,330,496,38,29,photo-1597762333765-cbcd63dd8acc.avif,736,981
car,341,469,32,28,photo-1597762333765-cbcd63dd8acc.avif,736,981
car,233,554,53,63,photo-1597762333765-cbcd63dd8acc.avif,736,981
car,249,510,63,40,photo-1597762333765-cbcd63dd8acc.avif,736,981
car,133,561,76,62,photo-1597762333765-cbcd63dd8acc.avif,736,981
car,152,494,52,44,photo-1597762333765-cbcd63dd8acc.avif,736,981
car,0,528,72,60,photo-1597762333765-cbcd63dd8acc.avif,736,981
motorcycle,135,487,16,42,photo-1597762333765-cbcd63dd8acc.avif,736,981
car,183,522,60,46,photo-1597762333765-cbcd63dd8acc.avif,736,981
car,214,482,46,44,photo-1597762333765-cbcd63dd8acc.avif,736,981
car,283,492,34,29,photo-1597762333765-cbcd63dd8acc.avif,736,981
car,233,445,35,30,photo-1597762333765-cbcd63dd8acc.avif,736,981
car,277,80,195,86,phyo-min-ipQU2fJ1Wn8-unsplash.jpg,640,427
car,298,191,180,90,phyo-min-ipQU2fJ1Wn8-unsplash.jpg,640,427
car,390,275,213,96,phyo-min-ipQU2fJ1Wn8-unsplash.jpg,640,427
car,5,293,216,85,phyo-min-ipQU2fJ1Wn8-unsplash.jpg,640,427
car,0,191,40,93,phyo-min-ipQU2fJ1Wn8-unsplash.jpg,640,427
car,409,178,49,43,pontus-wellgraf-vvme8J-gJVE-unsplash.jpg,640,427
car,457,242,37,29,pontus-wellgraf-vvme8J-gJVE-unsplash.jpg,640,427
car,514,261,74,41,pontus-wellgraf-vvme8J-gJVE-unsplash.jpg,640,427
car,394,281,59,29,pontus-wellgraf-vvme8J-gJVE-unsplash.jpg,640,427
car,379,324,69,41,pontus-wellgraf-vvme8J-gJVE-unsplash.jpg,640,427
car,312,285,67,29,pontus-wellgraf-vvme8J-gJVE-unsplash.jpg,640,427
car,177,288,59,25,pontus-wellgraf-vvme8J-gJVE-unsplash.jpg,640,427
car,192,329,64,16,pontus-wellgraf-vvme8J-gJVE-unsplash.jpg,640,427
car,179,351,81,19,pontus-wellgraf-vvme8J-gJVE-unsplash.jpg,640,427
car,221,350,79,51,pontus-wellgraf-vvme8J-gJVE-unsplash.jpg,640,427
car,51,378,68,48,pontus-wellgraf-vvme8J-gJVE-unsplash.jpg,640,427
car,216,235,42,30,pontus-wellgraf-vvme8J-gJVE-unsplash.jpg,640,427
car,186,240,30,36,pontus-wellgraf-vvme8J-gJVE-unsplash.jpg,640,427
car,154,246,31,34,pontus-wellgraf-vvme8J-gJVE-unsplash.jpg,640,427
car,127,258,28,29,pontus-wellgraf-vvme8J-gJVE-unsplash.jpg,640,427
car,96,263,26,42,pontus-wellgraf-vvme8J-gJVE-unsplash.jpg,640,427
car,124,293,47,44,pontus-wellgraf-vvme8J-gJVE-unsplash.jpg,640,427
car,67,271,30,34,pontus-wellgraf-vvme8J-gJVE-unsplash.jpg,640,427
car,34,281,40,34,pontus-wellgraf-vvme8J-gJVE-unsplash.jpg,640,427
car,5,291,25,33,pontus-wellgraf-vvme8J-gJVE-unsplash.jpg,640,427
car,241,176,26,42,pontus-wellgraf-vvme8J-gJVE-unsplash.jpg,640,427
car,183,198,22,36,pontus-wellgraf-vvme8J-gJVE-unsplash.jpg,640,427
car,160,204,18,29,pontus-wellgraf-vvme8J-gJVE-unsplash.jpg,640,427
car,127,214,22,36,pontus-wellgraf-vvme8J-gJVE-unsplash.jpg,640,427
car,99,213,23,42,pontus-wellgraf-vvme8J-gJVE-unsplash.jpg,640,427
car,15,239,22,40,pontus-wellgraf-vvme8J-gJVE-unsplash.jpg,640,427
car,42,237,19,35,pontus-wellgraf-vvme8J-gJVE-unsplash.jpg,640,427
car,104,131,51,21,pontus-wellgraf-vvme8J-gJVE-unsplash.jpg,640,427
car,129,131,0,1,pontus-wellgraf-vvme8J-gJVE-unsplash.jpg,640,427
car,547,128,27,29,pontus-wellgraf-vvme8J-gJVE-unsplash.jpg,640,427
car,497,102,32,34,pontus-wellgraf-vvme8J-gJVE-unsplash.jpg,640,427
car,574,122,26,26,pontus-wellgraf-vvme8J-gJVE-unsplash.jpg,640,427
car,541,91,22,27,pontus-wellgraf-vvme8J-gJVE-unsplash.jpg,640,427
car,559,81,25,30,pontus-wellgraf-vvme8J-gJVE-unsplash.jpg,640,427
car,583,73,18,30,pontus-wellgraf-vvme8J-gJVE-unsplash.jpg,640,427
car,598,113,24,31,pontus-wellgraf-vvme8J-gJVE-unsplash.jpg,640,427
car,539,58,40,21,pontus-wellgraf-vvme8J-gJVE-unsplash.jpg,640,427
car,584,32,35,37,pontus-wellgraf-vvme8J-gJVE-unsplash.jpg,640,427
car,533,0,78,37,pontus-wellgraf-vvme8J-gJVE-unsplash.jpg,640,427
car,610,152,30,23,pontus-wellgraf-vvme8J-gJVE-unsplash.jpg,640,427
car,559,379,59,48,pontus-wellgraf-vvme8J-gJVE-unsplash.jpg,640,427
car,580,656,192,124,premium_photo-1690958385391-76844034f557.avif,1170,780
motorcycle,490,652,57,128,premium_photo-1690958385391-76844034f557.avif,1170,780
car,177,565,307,215,premium_photo-1690958385391-76844034f557.avif,1170,780
motorcycle,192,454,63,64,premium_photo-1690958385391-76844034f557.avif,1170,780
car,208,492,214,73,premium_photo-1690958385391-76844034f557.avif,1170,780
car,366,410,128,91,premium_photo-1690958385391-76844034f557.avif,1170,780
car,432,501,176,94,premium_photo-1690958385391-76844034f557.avif,1170,780
car,715,480,124,147,premium_photo-1690958385391-76844034f557.avif,1170,780
motorcycle,696,413,61,88,premium_photo-1690958385391-76844034f557.avif,1170,780
car,577,413,97,100,premium_photo-1690958385391-76844034f557.avif,1170,780
motorcycle,509,379,47,76,premium_photo-1690958385391-76844034f557.avif,1170,780
car,508,335,85,75,premium_photo-1690958385391-76844034f557.avif,1170,780
car,556,354,127,67,premium_photo-1690958385391-76844034f557.avif,1170,780
car,645,349,110,63,premium_photo-1690958385391-76844034f557.avif,1170,780
car,562,315,83,50,premium_photo-1690958385391-76844034f557.avif,1170,780
car,595,292,67,45,premium_photo-1690958385391-76844034f557.avif,1170,780
car,704,310,79,68,premium_photo-1690958385391-76844034f557.avif,1170,780
car,724,284,69,51,premium_photo-1690958385391-76844034f557.avif,1170,780
car,759,262,56,46,premium_photo-1690958385391-76844034f557.avif,1170,780
car,856,262,46,36,premium_photo-1690958385391-76844034f557.avif,1170,780
car,867,283,47,27,premium_photo-1690958385391-76844034f557.avif,1170,780
car,848,300,64,42,premium_photo-1690958385391-76844034f557.avif,1170,780
car,804,324,96,91,premium_photo-1690958385391-76844034f557.avif,1170,780
car,790,408,115,93,premium_photo-1690958385391-76844034f557.avif,1170,780
car,928,255,18,46,premium_photo-1690958385391-76844034f557.avif,1170,780
motorcycle,656,283,49,49,premium_photo-1690958385391-76844034f557.avif,1170,780
motorcycle,723,257,23,31,premium_photo-1690958385391-76844034f557.avif,1170,780
motorcycle,696,155,14,19,premium_photo-1690958385391-76844034f557.avif,1170,780
motorcycle,716,218,20,36,premium_photo-1690958385391-76844034f557.avif,1170,780
motorcycle,686,229,16,38,premium_photo-1690958385391-76844034f557.avif,1170,780
motorcycle,828,254,19,47,premium_photo-1690958385391-76844034f557.avif,1170,780
motorcycle,596,269,21,34,premium_photo-1690958385391-76844034f557.avif,1170,780
motorcycle,865,204,18,47,premium_photo-1690958385391-76844034f557.avif,1170,780
motorcycle,887,227,10,39,premium_photo-1690958385391-76844034f557.avif,1170,780
motorcycle,906,238,15,42,premium_photo-1690958385391-76844034f557.avif,1170,780
motorcycle,762,225,20,23,premium_photo-1690958385391-76844034f557.avif,1170,780
car,787,313,289,342,premium_photo-1742418773865-5b8956a240c6.avif,1170,780
car,453,438,263,226,premium_photo-1742418773865-5b8956a240c6.avif,1170,780
car,1046,373,110,139,premium_photo-1742418773865-5b8956a240c6.avif,1170,780
car,66,475,251,204,premium_photo-1742418773865-5b8956a240c6.avif,1170,780
car,120,444,181,46,premium_photo-1742418773865-5b8956a240c6.avif,1170,780
car,204,448,185,137,premium_photo-1742418773865-5b8956a240c6.avif,1170,780
car,642,626,209,149,premium_photo-1744868562901-aacac8d6cde9.avif,1170,780
car,485,622,129,67,premium_photo-1744868562901-aacac8d6cde9.avif,1170,780
car,567,613,65,42,premium_photo-1744868562901-aacac8d6cde9.avif,1170,780
car,608,606,75,43,premium_photo-1744868562901-aacac8d6cde9.avif,1170,780
car,667,594,69,41,premium_photo-1744868562901-aacac8d6cde9.avif,1170,780
car,1072,602,69,46,premium_photo-1744868562901-aacac8d6cde9.avif,1170,780
car,1013,580,57,42,premium_photo-1744868562901-aacac8d6cde9.avif,1170,780
car,930,577,62,47,premium_photo-1744868562901-aacac8d6cde9.avif,1170,780
car,837,577,60,37,premium_photo-1744868562901-aacac8d6cde9.avif,1170,780
car,773,585,51,33,premium_photo-1744868562901-aacac8d6cde9.avif,1170,780
car,1083,574,35,22,premium_photo-1744868562901-aacac8d6cde9.avif,1170,780
car,1109,584,49,23,premium_photo-1744868562901-aacac8d6cde9.avif,1170,780
car,444,745,135,192,premium_photo-1754247619804-271b0d45b970.avif,687,1031
car,532,630,117,113,premium_photo-1754247619804-271b0d45b970.avif,687,1031
car,421,532,75,81,premium_photo-1754247619804-271b0d45b970.avif,687,1031
car,254,564,64,60,premium_photo-1754247619804-271b0d45b970.avif,687,1031
car,205,517,58,47,premium_photo-1754247619804-271b0d45b970.avif,687,1031
car,272,452,41,34,premium_photo-1754247619804-271b0d45b970.avif,687,1031
car,438,418,53,36,premium_photo-1754247619804-271b0d45b970.avif,687,1031
car,423,376,30,28,premium_photo-1754247619804-271b0d45b970.avif,687,1031
car,319,222,238,142,sven-d-a4S6KUuLeoM-unsplash.jpg,640,427
bus,269,406,155,197,the-jd-darshan-solanki-6fJ6TAWatJE-unsplash.jpg,640,852
car,84,541,106,65,the-jd-darshan-solanki-6fJ6TAWatJE-unsplash.jpg,640,852
car,0,557,59,86,the-jd-darshan-solanki-6fJ6TAWatJE-unsplash.jpg,640,852
car,529,553,111,120,the-jd-darshan-solanki-6fJ6TAWatJE-unsplash.jpg,640,852
car,203,536,68,51,the-jd-darshan-solanki-6fJ6TAWatJE-unsplash.jpg,640,852
car,495,537,54,51,the-jd-darshan-solanki-6fJ6TAWatJE-unsplash.jpg,640,852
motorcycle,273,881,75,79,yusron-el-jihan-KlkShsZ9NHY-unsplash.jpg,640,960
car,432,655,89,60,yusron-el-jihan-KlkShsZ9NHY-unsplash.jpg,640,960
motorcycle,203,706,49,63,yusron-el-jihan-KlkShsZ9NHY-unsplash.jpg,640,960
motorcycle,268,597,21,42,yusron-el-jihan-KlkShsZ9NHY-unsplash.jpg,640,960
motorcycle,319,600,21,35,yusron-el-jihan-KlkShsZ9NHY-unsplash.jpg,640,960
car,358,580,46,38,yusron-el-jihan-KlkShsZ9NHY-unsplash.jpg,640,960
car,389,550,37,34,yusron-el-jihan-KlkShsZ9NHY-unsplash.jpg,640,960
car,345,536,28,22,yusron-el-jihan-KlkShsZ9NHY-unsplash.jpg,640,960
motorcycle,321,552,16,28,yusron-el-jihan-KlkShsZ9NHY-unsplash.jpg,640,960
car,245,538,27,23,yusron-el-jihan-KlkShsZ9NHY-unsplash.jpg,640,960
motorcycle,323,530,8,17,yusron-el-jihan-KlkShsZ9NHY-unsplash.jpg,640,960
motorcycle,308,521,11,16,yusron-el-jihan-KlkShsZ9NHY-unsplash.jpg,640,960
car,355,516,22,18,yusron-el-jihan-KlkShsZ9NHY-unsplash.jpg,640,960
car,579,519,23,20,yusron-el-jihan-KlkShsZ9NHY-unsplash.jpg,640,960
car,514,511,22,16,yusron-el-jihan-KlkShsZ9NHY-unsplash.jpg,640,960